<mapping><mappingname>ismb_schema-NIH_DS_1</mappingname><schema><from>ismb_schema</from><to>NIH_DS_1</to><bridge><term1>function</term1><connector><connectorname>Equal</connectorname></connector><term2>ec_number</term2></bridge><bridge><term1>aa</term1><connector><connectorname>Equal</connectorname></connector><term2>protein_sequence</term2></bridge></schema><avh><from>GO_hierarchy</from><to>EC_hierarchy</to><bridge><term1>0016740</term1><connector><connectorname>Equal</connectorname></connector><term2>2</term2></bridge><bridge><term1>0016772</term1><connector><connectorname>Into</connectorname></connector><term2>2</term2></bridge><bridge><term1>0016772</term1><connector><connectorname>Onto</connectorname></connector><term2>2.7.1.37</term2></bridge></avh><avh><from></from><to></to><bridge><term1>0000000</term1><connector><connectorname>Equal</connectorname></connector><term2></term2></bridge></avh></mapping>
