<mapping><mappingname>Local-DS2</mappingname><schema><from>Local</from><to>DS2</to><bridge><term1>item</term1><connector><connectorname>Equal</connectorname></connector><term2>item</term2></bridge><bridge><term1>produced_at</term1><connector><connectorname>Equal</connectorname></connector><term2>madeIn</term2></bridge><bridge><term1>sold_at</term1><connector><connectorname>Compatible</connectorname></connector><term2>deliveredTo</term2></bridge><bridge><term1>temp</term1><connector><connectorname>F2C</connectorname><expression>(x-32)*5/9</expression><inverse>x*9/5+32</inverse></connector><term2>temperature</term2></bridge></schema><avh><from>Location</from><to>Nickname</to><bridge><term1>Location_AVH</term1><connector><connectorname>Into</connectorname></connector><term2>Nickname_AVH</term2></bridge><bridge><term1>USA</term1><connector><connectorname>Equal</connectorname></connector><term2>UncleSam</term2></bridge><bridge><term1>Iowa</term1><connector><connectorname>Onto</connectorname></connector><term2>MidHawkeye</term2></bridge><bridge><term1>Ames</term1><connector><connectorname>Equal</connectorname></connector><term2>Cyclone</term2></bridge><bridge><term1>Ames</term1><connector><connectorname>Unequal</connectorname></connector><term2>Capitol</term2></bridge><bridge><term1>Virginia</term1><connector><connectorname>Equal</connectorname></connector><term2>ForLovers</term2></bridge><bridge><term1>Virginia</term1><connector><connectorname>Onto</connectorname></connector><term2>Colts</term2></bridge><bridge><term1>Virginia</term1><connector><connectorname>Onto</connectorname></connector><term2>LastSouthernCity</term2></bridge><bridge><term1>USA</term1><connector><connectorname>Unequal</connectorname></connector><term2>JohnBull</term2></bridge></avh></mapping>
