<mapping><mappingname>Local-NIH_DS_1</mappingname><schema><from>Local</from><to>NIH_DS_1</to><bridge><term1>pid</term1><connector><connectorname>Equal</connectorname></connector><term2>protein_id</term2></bridge><bridge><term1>protein</term1><connector><connectorname>Equal</connectorname></connector><term2>protein_sequence</term2></bridge><bridge><term1>go_annotation</term1><connector><connectorname>Equal</connectorname></connector><term2>ec_number</term2></bridge></schema><avh><from>GO_hierarchy</from><to>EC_hierarchy</to><bridge><term1>0004143</term1><connector><connectorname>Equal</connectorname></connector><term2>2.7.1.107</term2></bridge><bridge><term1>0004713</term1><connector><connectorname>Equal</connectorname></connector><term2>2.7.1.112</term2></bridge><bridge><term1>0050254</term1><connector><connectorname>Equal</connectorname></connector><term2>2.7.1.125</term2></bridge><bridge><term1>0047696</term1><connector><connectorname>Equal</connectorname></connector><term2>2.7.1.126</term2></bridge><bridge><term1>0004672</term1><connector><connectorname>Equal</connectorname></connector><term2>2.7.1.37</term2></bridge><bridge><term1>0004111</term1><connector><connectorname>Equal</connectorname></connector><term2>2.7.3.2</term2></bridge><bridge><term1>0016772</term1><connector><connectorname>Onto</connectorname></connector><term2>2.7</term2></bridge><bridge><term1>0000166</term1><connector><connectorname>Onto</connectorname></connector><term2>2.7.1.37</term2></bridge><bridge><term1>0016773</term1><connector><connectorname>Equal</connectorname></connector><term2>2.7.1</term2></bridge><bridge><term1>0004747</term1><connector><connectorname>Equal</connectorname></connector><term2>2.7.1.15</term2></bridge><bridge><term1>0008865</term1><connector><connectorname>Equal</connectorname></connector><term2>2.7.1.4</term2></bridge></avh></mapping>
