<mapping><mappingname>Local-NIH_DS_2</mappingname><schema><from>Local</from><to>NIH_DS_2</to><bridge><term1>structural_class</term1><connector><connectorname>Equal</connectorname></connector><term2>pfam_motifs</term2></bridge><bridge><term1>protein</term1><connector><connectorname>Equal</connectorname></connector><term2>aa_sequence</term2></bridge><bridge><term1>pid</term1><connector><connectorname>Equal</connectorname></connector><term2>accession_number</term2></bridge><bridge><term1>go_annotation</term1><connector><connectorname>Equal</connectorname></connector><term2>mips_function</term2></bridge></schema><avh><from>GO_hierarchy</from><to>MIPS_hierarchy</to><bridge><term1>0006520</term1><connector><connectorname>Equal</connectorname></connector><term2>01.01</term2></bridge><bridge><term1>0006796</term1><connector><connectorname>Equal</connectorname></connector><term2>01.04</term2></bridge><bridge><term1>0006794</term1><connector><connectorname>Equal</connectorname></connector><term2>01.04.01</term2></bridge><bridge><term1>0006730</term1><connector><connectorname>Into</connectorname></connector><term2>01.05</term2></bridge><bridge><term1>0005975</term1><connector><connectorname>Into</connectorname></connector><term2>01.05</term2></bridge><bridge><term1>0006629</term1><connector><connectorname>Into</connectorname></connector><term2>01.06</term2></bridge><bridge><term1>0006631</term1><connector><connectorname>Into</connectorname></connector><term2>01.06</term2></bridge><bridge><term1>0006720</term1><connector><connectorname>Into</connectorname></connector><term2>01.06</term2></bridge><bridge><term1>0045333</term1><connector><connectorname>Equal</connectorname></connector><term2>02.13</term2></bridge><bridge><term1>0007242</term1><connector><connectorname>Equal</connectorname></connector><term2>30.01</term2></bridge><bridge><term1>0016049</term1><connector><connectorname>Into</connectorname></connector><term2>40.01</term2></bridge><bridge><term1>0009653</term1><connector><connectorname>Into</connectorname></connector><term2>40.01</term2></bridge><bridge><term1>0007047</term1><connector><connectorname>Equal</connectorname></connector><term2>42.01</term2></bridge><bridge><term1>0006950</term1><connector><connectorname>Equal</connectorname></connector><term2>32.01</term2></bridge><bridge><term1>0006952</term1><connector><connectorname>Into</connectorname></connector><term2>32.05</term2></bridge><bridge><term1>0005515</term1><connector><connectorname>Equal</connectorname></connector><term2>16.01</term2></bridge><bridge><term1>0000166</term1><connector><connectorname>Equal</connectorname></connector><term2>16.19</term2></bridge><bridge><term1>0005488</term1><connector><connectorname>Equal</connectorname></connector><term2>16</term2></bridge><bridge><term1>0008152</term1><connector><connectorname>Equal</connectorname></connector><term2>01</term2></bridge></avh></mapping>
