<mapping><mappingname>ProductSchema-DS2</mappingname><schema><from>ProductSchema</from><to>DS2</to><bridge><term1>ProductID</term1><connector><connectorname>Onto</connectorname></connector><term2>temperature</term2></bridge><bridge><term1>ProductID</term1><connector><connectorname>Onto</connectorname></connector><term2>temperature</term2></bridge><bridge><term1>ProductID</term1><connector><connectorname>Unequal</connectorname></connector><term2>deliveredTo</term2></bridge><bridge><term1>ProductID</term1><connector><connectorname>Compatible</connectorname></connector><term2>item</term2></bridge></schema></mapping>
