<?xml version="1.0" encoding="UTF-8"?><type><typename>animal</typename><subTypeOf>AVH</subTypeOf><ordername>ISA</ordername><template></template><tree><node><name>AnimalOntology</name><comment></comment><children><node><name>sus scrofa</name><comment></comment><children><node><name>class_1</name><comment>Meat Quality</comment><children><node><name>type_1</name><comment>fatness </comment><children><node><name>trait_1</name><comment>abdominal fat </comment></node><node><name>BFT</name><comment></comment><children><node><name>trait_2 </name><comment>backfat (average) thickness</comment></node><node><name>trait_204</name><comment>backfat (average) thickness</comment></node><node><name>trait_290</name><comment>backfat (average) thickness </comment></node></children></node><node><name>trait_171</name><comment>backfat at first rib</comment></node></children></node></children></node></children></node></children></node></tree></type>
