<?xml version="1.0" encoding="UTF-8"?><type><typename>GO</typename><subTypeOf>AVH</subTypeOf><ordername>ISA</ordername><template>go</template><tree><node><name>0000000</name><comment>gene_ontology</comment><children><node><name>0003674</name><comment>molecular_function</comment><children><node><name>0003774</name><comment>motor activity</comment><children><node><name>0000146</name><comment>microfilament motor activity</comment></node><node><name>0003777</name><comment>microtubule motor activity</comment><children><node><name>0008569</name><comment>minus-end-directed microtubule motor activity</comment></node><node><name>0008574</name><comment>plus-end-directed microtubule motor activity</comment></node></children></node></children></node><node><name>0003824</name><comment>catalytic activity</comment></node><node><name>0004871</name><comment>signal transducer activity</comment></node><node><name>0005198</name><comment>structural molecule activity</comment></node><node><name>0005215</name><comment>transporter activity</comment></node><node><name>0005488</name><comment>binding</comment></node><node><name>0005554</name><comment>molecular_function unknown</comment></node><node><name>0016209</name><comment>antioxidant activity</comment></node><node><name>0030188</name><comment>chaperone regulator activity</comment></node><node><name>0030234</name><comment>enzyme regulator activity</comment></node><node><name>0030528</name><comment>transcription regulator activity</comment></node><node><name>0030533</name><comment>triplet codon-amino acid adaptor activity</comment></node><node><name>0045182</name><comment>translation regulator activity</comment></node><node><name>0045735</name><comment>nutrient reservoir activity</comment></node></children></node><node><name>0005575</name><comment>cellular_component</comment><children><node><name>0005576</name><comment>extracellular region</comment><children><node><name>0048046</name><comment>apoplast</comment></node></children></node><node><name>0005623</name><comment>cell</comment></node><node><name>0008372</name><comment>cellular_component unknown</comment></node><node><name>0019012</name><comment>virion</comment></node><node><name>0031012</name><comment>extracellular matrix</comment><children><node><name>0005578</name><comment>extracellular matrix (sensu Metazoa)</comment><children><node><name>0045202</name><comment>synapse</comment></node></children></node><node><name>0048196</name><comment>extracellular matrix (sensu Magnoliophyta)</comment><children><node><name>0009530</name><comment>primary cell wall</comment></node><node><name>0009531</name><comment>secondary cell wall</comment></node></children></node></children></node><node><name>0043226</name><comment>organelle</comment></node><node><name>0043234</name><comment>protein complex</comment></node></children></node></children></node></tree></type>
