<?xml version="1.0" encoding="UTF-8"?><type><typename>GO_hierarchy</typename><subTypeOf>AVH</subTypeOf><ordername>ISA</ordername><template>go</template><tree><node><name>0000000</name><comment>GO_hierarchy</comment><children><node><name>0003674</name><comment>molecular_function</comment><children><node><name>0005488</name><comment>binding</comment><children><node><name>0000166</name><comment>nucleotide binding</comment><children><node><name>0017076</name><comment>purine nucleotide binding</comment><children><node><name>0030554</name><comment>adenyl nucleotide binding</comment><children><node><name>0016208</name><comment>AMP binding</comment></node></children></node></children></node></children></node><node><name>0005515</name><comment>protein binding</comment></node></children></node><node><name>0003824</name><comment>catalytic activity</comment><children><node><name>0016491</name><comment>oxidoreductase activity</comment><children><node><name>0016638</name><comment>oxidoreductase activity, acting on the CH-NH2 group of donors</comment><children><node><name>0016639</name><comment>oxidoreductase activity, acting on the CH-NH2 group of donors, NAD or NADP as acceptor</comment><children><node><name>0004352</name><comment>glutamate dehydrogenase activity</comment></node></children></node></children></node></children></node><node><name>0016787</name><comment>hydrolase activity</comment><children><node><name>0008233</name><comment>peptidase activity</comment><children><node><name>0008237</name><comment>metallopeptidase activity</comment></node></children></node></children></node><node><name>0016740</name><comment>transferase activity</comment><children><node><name>0016772</name><comment>transferase activity, transferring phosphorus-containing groups</comment><children><node><name>0016301</name><comment>kinase activity</comment><children><node><name>0004111</name><comment>creatine kinase activity</comment></node><node><name>0004143</name><comment>diacylglycerol kinase activity</comment></node><node><name>0004672</name><comment>protein kinase activity</comment><children><node><name>0004713</name><comment>protein-tyrosine kinase activity</comment></node><node><name>0047696</name><comment>beta-adrenergic-receptor kinase activity</comment></node><node><name>0050254</name><comment>rhodopsin kinase activity</comment></node></children></node></children></node><node><name>0016773</name><comment>phosphotransferase activity, alcohol group as acceptor</comment><children><node><name>0004747</name><comment>ribokinase activity</comment></node><node><name>0008865</name><comment>fructokinase activity</comment></node></children></node></children></node></children></node></children></node></children></node><node><name>0005575</name><comment>cellular_component</comment></node><node><name>0008150</name><comment>biological_process</comment><children><node><name>0007275</name><comment>development</comment><children><node><name>0009653</name><comment>morphogenesis</comment></node><node><name>0040007</name><comment>growth</comment><children><node><name>0016049</name><comment>cell growth</comment></node></children></node></children></node><node><name>0007582</name><comment>physiological process</comment><children><node><name>0044419</name><comment>interaction between organisms</comment><children><node><name>0044403</name><comment>symbiosis, mutualism through parasitism</comment><children><node><name>0044404</name><comment>symbiotic interaction between host and other organism</comment><children><node><name>0009405</name><comment>pathogenesis</comment></node></children></node></children></node></children></node><node><name>0008152</name><comment>metabolism</comment><children><node><name>0043170</name><comment>macromolecule metabolism</comment><children><node><name>0005975</name><comment>carbohydrate metabolism</comment></node></children></node><node><name>0044237</name><comment>cellular metabolism</comment><children><node><name>0006082</name><comment>organic acid metabolism</comment><children><node><name>0019752</name><comment>carboxylic acid metabolism</comment><children><node><name>0006631</name><comment>fatty acid metabolism</comment></node></children></node></children></node><node><name>0006091</name><comment>generation of precursor metabolites and energy</comment><children><node><name>0015980</name><comment>energy derivation by oxidation of organic compounds</comment><children><node><name>0045333</name><comment>cellular respiration</comment></node></children></node></children></node><node><name>0006519</name><comment>amino acid and derivative metabolism</comment><children><node><name>0006520</name><comment>amino acid metabolism</comment></node></children></node><node><name>0006730</name><comment>one-carbon compound metabolism</comment></node><node><name>0006793</name><comment>phosphorus metabolism</comment><children><node><name>0006794</name><comment>phosphorus utilization</comment></node><node><name>0006796</name><comment>phosphate metabolism</comment></node></children></node></children></node><node><name>0044238</name><comment>primary metabolism</comment><children><node><name>0006629</name><comment>lipid metabolism</comment><children><node><name>0044255</name><comment>cellular lipid metabolism</comment><children><node><name>0006720</name><comment>isoprenoid metabolism</comment></node></children></node></children></node></children></node></children></node><node><name>0050875</name><comment>cellular physiological process</comment><children><node><name>0016043</name><comment>cell organization and biogenesis</comment><children><node><name>0045229</name><comment>external encapsulating structure organization and biogenesis</comment><children><node><name>0007047</name><comment>cell wall organization and biogenesis</comment></node></children></node></children></node></children></node><node><name>0050896</name><comment>response to stimulus</comment><children><node><name>0009607</name><comment>response to biotic stimulus</comment><children><node><name>0006952</name><comment>defense response</comment></node></children></node><node><name>0006950</name><comment>response to stress</comment></node></children></node></children></node><node><name>0009987</name><comment>cellular process</comment><children><node><name>0007154</name><comment>cell communication</comment><children><node><name>0007165</name><comment>signal transduction</comment><children><node><name>0007242</name><comment>intracellular signaling cascade</comment></node></children></node></children></node></children></node></children></node></children></node></tree></type>
