<?xml version="1.0" encoding="UTF-8"?><type><typename>ismb_ont</typename><subTypeOf>AVH</subTypeOf><ordername>ISA</ordername><template>go</template><tree><node><name>0000000</name><comment>a fragment of gene ontology </comment><children><node><name>0003674</name><comment>molecular_function</comment><children><node><name>0003774</name><comment>motor activity</comment><children><node><name>0000146</name><comment>microfilament motor activity</comment></node></children></node><node><name>0003824</name><comment>catalytic activity</comment><children><node><name>0000150</name><comment>recombinase activity</comment></node><node><name>0000249</name><comment>C-22 sterol desaturase activity</comment></node><node><name>0000385</name><comment>spliceosomal catalysis</comment></node><node><name>0003969</name><comment>RNA editase activity</comment></node><node><name>0004036</name><comment>alkylbase DNA glycosidase activity</comment><children><node><name>0003777</name><comment>microtubule motor activity</comment></node></children></node><node><name>0004133</name><comment>glycogen debranching enzyme activity</comment></node><node><name>0004162</name><comment>dimethylnitrosamine demethylase activity</comment></node><node><name>0004386</name><comment>helicase activity</comment></node><node><name>0004770</name><comment>sterol carrier protein X-related thiolase activity</comment></node><node><name>0004803</name><comment>transposase activity</comment></node><node><name>0008265</name><comment>Mo-molybdopterin cofactor sulfurase activity</comment></node><node><name>0008402</name><comment>aromatase activity</comment></node><node><name>0008639</name><comment>small protein conjugating enzyme activity</comment></node><node><name>0008641</name><comment>small protein activating enzyme activity</comment></node><node><name>0008686</name><comment>3,4-dihydroxy-2-butanone-4-phosphate synthase activity</comment></node><node><name>0008699</name><comment>4-diphosphocytidyl-2C-methyl-D-erythritol synthase activity</comment></node><node><name>0008711</name><comment>ADP-L-glycero-D-manno-heptose synthase activity</comment></node><node><name>0008755</name><comment>O antigen polymerase activity</comment></node><node><name>0008907</name><comment>integrase activity</comment></node><node><name>0008954</name><comment>peptidoglycan synthetase activity</comment></node><node><name>0008987</name><comment>quinolinate synthetase A activity</comment></node><node><name>0009009</name><comment>site-specific recombinase activity</comment></node><node><name>0009392</name><comment>N-acetyl-anhydromuramoyl-L-alanine amidase activity</comment></node><node><name>0009975</name><comment>cyclase activity</comment></node><node><name>0016217</name><comment>N-ethylammeline chlorohydrolase activity</comment></node><node><name>0016218</name><comment>polyketide synthase activity</comment></node><node><name>0016491</name><comment>oxidoreductase activity</comment></node><node><name>0016740</name><comment>transferase activity</comment></node><node><name>0016787</name><comment>hydrolase activity</comment></node><node><name>0016829</name><comment>lyase activity</comment></node><node><name>0016853</name><comment>isomerase activity</comment></node><node><name>0016874</name><comment>ligase activity</comment></node><node><name>0017084</name><comment>delta1-pyrroline-5-carboxylate synthetase activity</comment></node><node><name>0017140</name><comment>lipoic acid synthase activity</comment></node><node><name>0017150</name><comment>tRNA dihydrouridine synthase activity</comment></node><node><name>0019007</name><comment>N-acetylneuraminic acid phosphate synthase activity</comment></node><node><name>0019172</name><comment>glyoxalase III activity</comment></node><node><name>0019239</name><comment>deaminase activity</comment></node><node><name>0030366</name><comment>Mo-molybdopterin synthase activity</comment></node><node><name>0042284</name><comment>sphingolipid delta-4 desaturase activity</comment></node><node><name>0046567</name><comment>aphidicolan-16 beta-ol synthase activity</comment></node><node><name>0046572</name><comment>versicolorin B synthase activity</comment></node><node><name>0046905</name><comment>phytoene synthase activity</comment></node></children></node><node><name>0004871</name><comment>signal transducer activity</comment><children><node><name>0000155</name><comment>two-component sensor molecule activity</comment></node><node><name>0000156</name><comment>two-component response regulator activity</comment></node><node><name>0004872</name><comment>receptor activity</comment></node><node><name>0005057</name><comment>receptor signaling protein activity</comment></node><node><name>0005102</name><comment>receptor binding</comment></node><node><name>0009369</name><comment>quorum sensing signal generator activity</comment></node><node><name>0009370</name><comment>quorum sensing response regulator activity</comment></node><node><name>0009927</name><comment>histidine phosphotransfer kinase activity</comment></node><node><name>0016015</name><comment>morphogen activity</comment></node><node><name>0017106</name><comment>activin inhibitor activity</comment></node></children></node><node><name>0005198</name><comment>structural molecule activity</comment><children><node><name>0003735</name><comment>structural constituent of ribosome</comment></node><node><name>0005199</name><comment>structural constituent of cell wall</comment></node><node><name>0005200</name><comment>structural constituent of cytoskeleton</comment></node><node><name>0005201</name><comment>extracellular matrix structural constituent</comment></node><node><name>0005212</name><comment>structural constituent of eye lens</comment></node><node><name>0005213</name><comment>structural constituent of chorion (sensu Insecta)</comment></node><node><name>0008147</name><comment>structural constituent of bone</comment></node><node><name>0008307</name><comment>structural constituent of muscle</comment></node><node><name>0008316</name><comment>structural constituent of vitelline membrane (sensu Insecta)</comment></node><node><name>0016490</name><comment>structural constituent of peritrophic membrane (sensu Insecta)</comment></node><node><name>0017056</name><comment>structural constituent of nuclear pore</comment></node><node><name>0019911</name><comment>structural constituent of myelin sheath</comment></node><node><name>0030280</name><comment>structural constituent of epidermis</comment></node><node><name>0030345</name><comment>structural constituent of tooth enamel</comment></node><node><name>0030527</name><comment>structural constituent of chromatin</comment></node><node><name>0042302</name><comment>structural constituent of cuticle</comment></node></children></node><node><name>0005215</name><comment>transporter activity</comment><children><node><name>0005275</name><comment>amine transporter activity</comment></node><node><name>0005319</name><comment>lipid transporter activity</comment></node><node><name>0005326</name><comment>neurotransmitter transporter activity</comment></node><node><name>0005342</name><comment>organic acid transporter activity</comment></node><node><name>0005344</name><comment>oxygen transporter activity</comment></node><node><name>0005372</name><comment>water transporter activity</comment></node><node><name>0005386</name><comment>carrier activity</comment></node><node><name>0005478</name><comment>intracellular transporter activity</comment></node><node><name>0005489</name><comment>electron transporter activity</comment></node><node><name>0008565</name><comment>protein transporter activity</comment></node><node><name>0015075</name><comment>ion transporter activity</comment></node><node><name>0015144</name><comment>carbohydrate transporter activity</comment></node><node><name>0015197</name><comment>peptide transporter activity</comment></node><node><name>0015238</name><comment>drug transporter activity</comment></node><node><name>0015267</name><comment>channel or pore class transporter activity</comment></node><node><name>0015455</name><comment>group translocator activity</comment></node><node><name>0015457</name><comment>auxiliary transport protein activity</comment></node><node><name>0015646</name><comment>permease activity</comment></node><node><name>0015647</name><comment>peptidoglycan transporter activity</comment></node><node><name>0015665</name><comment>alcohol transporter activity</comment></node><node><name>0015932</name><comment>nucleobase, nucleoside, nucleotide and nucleic acid transporter activity</comment></node><node><name>0019534</name><comment>toxin transporter activity</comment></node><node><name>0030184</name><comment>nitric oxide transporter activity</comment></node><node><name>0042626</name><comment>ATPase activity, coupled to transmembrane movement of substances</comment></node><node><name>0042887</name><comment>amide transporter activity</comment></node><node><name>0042910</name><comment>xenobiotic transporter activity</comment></node><node><name>0042927</name><comment>siderophore transporter activity</comment></node><node><name>0042971</name><comment>lactone transporter activity</comment></node><node><name>0046715</name><comment>boron transporter activity</comment></node><node><name>0051183</name><comment>vitamin transporter activity</comment></node><node><name>0051184</name><comment>cofactor transporter activity</comment></node></children></node><node><name>0005488</name><comment>binding</comment><children><node><name>0000035</name><comment>acyl binding</comment></node><node><name>0000166</name><comment>nucleotide binding</comment></node><node><name>0001871</name><comment>pattern binding</comment></node><node><name>0001882</name><comment>nucleoside binding</comment></node><node><name>0003676</name><comment>nucleic acid binding</comment></node><node><name>0003823</name><comment>antigen binding</comment></node><node><name>0005102</name><comment>receptor binding</comment></node><node><name>0005496</name><comment>steroid binding</comment></node><node><name>0005515</name><comment>protein binding</comment></node><node><name>0005549</name><comment>odorant binding</comment></node><node><name>0008144</name><comment>drug binding</comment></node><node><name>0008289</name><comment>lipid binding</comment></node><node><name>0008367</name><comment>bacterial binding</comment></node><node><name>0008430</name><comment>selenium binding</comment></node><node><name>0019825</name><comment>oxygen binding</comment></node><node><name>0019840</name><comment>isoprenoid binding</comment></node><node><name>0019842</name><comment>vitamin binding</comment></node><node><name>0030246</name><comment>carbohydrate binding</comment></node><node><name>0035273</name><comment>phthalate binding</comment></node><node><name>0042165</name><comment>neurotransmitter binding</comment></node><node><name>0042277</name><comment>peptide binding</comment></node><node><name>0042301</name><comment>phosphate binding</comment></node><node><name>0042562</name><comment>hormone binding</comment></node><node><name>0043021</name><comment>ribonucleoprotein binding</comment></node><node><name>0043167</name><comment>ion binding</comment></node><node><name>0043176</name><comment>amine binding</comment></node><node><name>0043177</name><comment>organic acid binding</comment></node><node><name>0043178</name><comment>alcohol binding</comment></node><node><name>0043287</name><comment>poly(3-hydroxyalkanoate) binding</comment></node><node><name>0046714</name><comment>boron binding</comment></node><node><name>0046790</name><comment>virion binding</comment></node><node><name>0046812</name><comment>host cell surface binding</comment></node><node><name>0046848</name><comment>hydroxyapatite binding</comment></node><node><name>0046904</name><comment>calcium oxalate binding</comment></node><node><name>0046906</name><comment>tetrapyrrole binding</comment></node><node><name>0048037</name><comment>cofactor binding</comment></node><node><name>0050436</name><comment>microfibril binding</comment></node><node><name>0050824</name><comment>water binding</comment></node><node><name>0050840</name><comment>extracellular matrix binding</comment></node><node><name>0050997</name><comment>quaternary ammonium group binding</comment></node><node><name>0051192</name><comment>prosthetic group binding</comment></node></children></node><node><name>0005554</name><comment>molecular_function unknown</comment></node><node><name>0016209</name><comment>antioxidant activity</comment><children><node><name>0004362</name><comment>glutathione-disulfide reductase activity</comment></node><node><name>0004601</name><comment>peroxidase activity</comment></node><node><name>0004791</name><comment>thioredoxin-disulfide reductase activity</comment></node><node><name>0045174</name><comment>glutathione dehydrogenase (ascorbate) activity</comment></node></children></node><node><name>0030188</name><comment>chaperone regulator activity</comment><children><node><name>0030189</name><comment>chaperone activator activity</comment></node><node><name>0030190</name><comment>chaperone inhibitor activity</comment></node><node><name>0030192</name><comment>Hsp70/Hsc70 protein regulator activity</comment></node></children></node><node><name>0030234</name><comment>enzyme regulator activity</comment><children><node><name>0004857</name><comment>enzyme inhibitor activity</comment></node><node><name>0008047</name><comment>enzyme activator activity</comment></node><node><name>0016536</name><comment>cyclin-dependent protein kinase 5 activator regulator activity</comment></node><node><name>0019207</name><comment>kinase regulator activity</comment></node><node><name>0019208</name><comment>phosphatase regulator activity</comment></node><node><name>0030235</name><comment>nitric-oxide synthase regulator activity</comment></node><node><name>0030249</name><comment>guanylate cyclase regulator activity</comment></node><node><name>0030695</name><comment>GTPase regulator activity</comment></node><node><name>0035033</name><comment>histone deacetylase regulator activity</comment></node><node><name>0035034</name><comment>histone acetyltransferase regulator activity</comment></node><node><name>0042349</name><comment>guiding stereospecific synthesis activity</comment></node><node><name>0042979</name><comment>ornithine decarboxylase regulator activity</comment></node><node><name>0043028</name><comment>caspase regulator activity</comment></node><node><name>0048270</name><comment>methionine adenosyltransferase regulator activity</comment></node></children></node><node><name>0030528</name><comment>transcription regulator activity</comment><children><node><name>0000156</name><comment>two-component response regulator activity</comment></node><node><name>0003700</name><comment>transcription factor activity</comment></node><node><name>0003701</name><comment>RNA polymerase I transcription factor activity</comment></node><node><name>0003702</name><comment>RNA polymerase II transcription factor activity</comment></node><node><name>0003709</name><comment>RNA polymerase III transcription factor activity</comment></node><node><name>0003711</name><comment>transcriptional elongation regulator activity</comment></node><node><name>0003712</name><comment>transcription cofactor activity</comment></node><node><name>0003715</name><comment>transcription termination factor activity</comment></node><node><name>0016563</name><comment>transcriptional activator activity</comment></node><node><name>0016564</name><comment>transcriptional repressor activity</comment></node><node><name>0016986</name><comment>transcription initiation factor activity</comment></node><node><name>0016988</name><comment>transcription initiation factor antagonist activity</comment></node><node><name>0017163</name><comment>negative regulator of basal transcription activity</comment></node><node><name>0030401</name><comment>transcription antiterminator activity</comment></node></children></node><node><name>0030533</name><comment>triplet codon-amino acid adaptor activity</comment></node><node><name>0045182</name><comment>translation regulator activity</comment><children><node><name>0008135</name><comment>translation factor activity, nucleic acid binding</comment></node><node><name>0030371</name><comment>translation repressor activity</comment></node><node><name>0045183</name><comment>translation factor activity, non-nucleic acid binding</comment></node></children></node><node><name>0045735</name><comment>nutrient reservoir activity</comment></node></children></node><node><name>0005575</name><comment>cellular_component</comment></node><node><name>0008150</name><comment>biological_process</comment></node></children></node></tree></type>
