<?xml version="1.0" encoding="UTF-8"?><type><typename>Location</typename><subTypeOf>AVH</subTypeOf><ordername>ISA</ordername><template></template><tree><node><name>Location_AVH</name><comment></comment><children><node><name>USA</name><comment></comment><children><node><name>Iowa</name><comment></comment><children><node><name>Ames</name><comment></comment></node><node><name>DesMoines</name><comment></comment></node></children></node><node><name>Virginia</name><comment></comment><children><node><name>Richmond</name><comment></comment></node><node><name>Petersberg</name><comment></comment></node></children></node></children></node></children></node></tree></type>
