<?xml version="1.0" encoding="UTF-8"?><type><typename>myEC</typename><subTypeOf>AVH</subTypeOf><ordername>ISA</ordername><template>ec</template><tree><node><name/><comment/><children><node><name>2</name><comment>Transferases.</comment><children><node><name>2.7</name><comment>Transferring phosphorous-containing groups.</comment><children><node><name>2.7.1</name><comment>Phosphotransferases with an alcohol group as acceptor.</comment><children><node><name>2.7.1.107</name><comment>Diacylglycerol kinase.</comment></node><node><name>2.7.1.112</name><comment>Protein-tyrosine kinase.</comment></node><node><name>2.7.1.125</name><comment>Rhodopsin kinase.</comment></node><node><name>2.7.1.126</name><comment>[Beta-adrenergic-receptor] kinase.</comment></node><node><name>2.7.1.15</name><comment>Ribokinase.</comment></node><node><name>2.7.1.37</name><comment>Protein kinase.</comment></node><node><name>2.7.1.4</name><comment>Fructokinase.</comment></node></children></node><node><name>2.7.2</name><comment>Phosphotransferases with a carboxyl group as acceptor.</comment></node><node><name>2.7.3</name><comment>Phosphotransferases with a nitrogenous group as acceptor.</comment><children><node><name>2.7.3.2</name><comment>Creatine kinase.</comment></node></children></node></children></node><node><name>2.8</name><comment>Transferring sulfur-containing groups.</comment></node></children></node><node><name>1</name><comment>Oxidoreductases.</comment><children><node><name>1.16</name><comment>Oxidizing metal ions.</comment></node><node><name>1.14</name><comment>Acting on paired donors, with incorporation or reduction of</comment></node></children></node></children></node></tree></type>
