<?xml version="1.0" encoding="UTF-8"?><type><typename>myMIPS</typename><subTypeOf>AVH</subTypeOf><ordername>ISA</ordername><template>mips</template><tree><node><name/><comment/><children><node><name>01</name><comment>METABOLISM</comment><children><node><name>01.01</name><comment>amino acid metabolism</comment></node><node><name>01.04</name><comment>phosphate metabolism</comment><children><node><name>01.04.01</name><comment>phosphate utilization</comment></node></children></node><node><name>01.05</name><comment>C-compound and carbohydrate metabolism</comment></node><node><name>01.06</name><comment>lipid, fatty acid and isoprenoid metabolism</comment></node></children></node><node><name>02</name><comment>ENERGY</comment><children><node><name>02.13</name><comment>respiration</comment></node></children></node><node><name>10</name><comment>CELL CYCLE AND DNA PROCESSING</comment><children><node><name>10.01</name><comment>DNA processing</comment></node><node><name>10.03</name><comment>cell cycle</comment><children><node><name>10.03.01</name><comment>mitotic cell cycle and cell cycle control</comment></node><node><name>10.03.02</name><comment>meiosis</comment></node></children></node></children></node><node><name>11</name><comment>TRANSCRIPTION</comment><children><node><name>11.04</name><comment>RNA processing</comment><children><node><name>11.04.01</name><comment>rRNA processing</comment></node></children></node></children></node><node><name>14</name><comment>PROTEIN FATE [folding, modification, destination]</comment><children><node><name>14.01</name><comment>protein folding and stabilization</comment></node><node><name>14.07</name><comment>protein modification</comment></node></children></node><node><name>16</name><comment>PROTEIN WITH BINDING FUNCTION OR COFACTOR REQUIREMENT [structural or catalytic]</comment><children><node><name>16.01</name><comment>protein binding</comment></node><node><name>16.19</name><comment>nucleotide binding</comment><children><node><name>16.19.03</name><comment>ATP binding</comment></node></children></node></children></node><node><name>18</name><comment>PROTEIN ACTIVITY REGULATION</comment><children><node><name>18.02</name><comment>target of regulation</comment></node></children></node><node><name>20</name><comment>CELLULAR TRANSPORT, TRANSPORT FACILITATION AND TRANSPORT ROUTES</comment><children><node><name>20.01</name><comment>transported compounds [substrates]</comment><children><node><name>20.01.10</name><comment>protein transport</comment></node></children></node><node><name>20.09</name><comment>transport routes</comment></node></children></node><node><name>30</name><comment>CELLULAR COMMUNICATION/SIGNAL TRANSDUCTION MECHANISM</comment><children><node><name>30.01</name><comment>intracellular signalling</comment><children><node><name>30.01.05</name><comment>enzyme mediated signal transduction</comment></node><node><name>30.01.09</name><comment>second messenger mediated signal transduction</comment></node></children></node></children></node><node><name>32</name><comment>CELL RESCUE, DEFENSE AND VIRULENCE</comment><children><node><name>32.01</name><comment>stress response</comment><children><node><name>32.01.09</name><comment>DNA damage response</comment></node></children></node><node><name>32.05</name><comment>disease, virulence and defense</comment><children><node><name>32.05.01</name><comment>resistance proteins</comment></node></children></node></children></node><node><name>34</name><comment>INTERACTION WITH THE CELLULAR ENVIRONMENT</comment><children><node><name>34.01</name><comment>ionic homeostasis</comment><children><node><name>34.01.01</name><comment>homeostasis of cations</comment></node></children></node></children></node></children></node></tree></type>
