<?xml version="1.0" encoding="UTF-8"?><type><typename>MyScop</typename><subTypeOf>AVH</subTypeOf><ordername>ISA</ordername><template>scop</template><tree><node><name>0</name><children><node><name>46456</name><comment>a</comment></node><node><name>48724</name><comment>b</comment><children><node><name>48725</name><comment>b.1</comment><children><node><name>48726</name><comment>b.1.1</comment><children><node><name>48727</name><comment>b.1.1.1</comment><children><node><name>88519</name><comment>b.1.1.1</comment><children><node><name>88520</name><comment>b.1.1.1</comment><children><node><name>20518</name><comment>b.1.1.1</comment></node><node><name>20519</name><comment>b.1.1.1</comment></node><node><name>20530</name><comment>b.1.1.1</comment></node><node><name>20531</name><comment>b.1.1.1</comment></node><node><name>20532</name><comment>b.1.1.1</comment></node><node><name>20533</name><comment>b.1.1.1</comment></node><node><name>20534</name><comment>b.1.1.1</comment></node><node><name>20094</name><comment>b.1.1.1</comment></node><node><name>20535</name><comment>b.1.1.1</comment></node><node><name>20536</name><comment>b.1.1.1</comment></node><node><name>20537</name><comment>b.1.1.1</comment></node><node><name>67344</name><comment>b.1.1.1</comment></node><node><name>20538</name><comment>b.1.1.1</comment></node><node><name>20539</name><comment>b.1.1.1</comment></node><node><name>20540</name><comment>b.1.1.1</comment></node><node><name>20541</name><comment>b.1.1.1</comment></node><node><name>20542</name><comment>b.1.1.1</comment></node><node><name>20543</name><comment>b.1.1.1</comment></node><node><name>20520</name><comment>b.1.1.1</comment></node><node><name>20521</name><comment>b.1.1.1</comment></node><node><name>19828</name><comment>b.1.1.1</comment></node><node><name>19826</name><comment>b.1.1.1</comment></node><node><name>19810</name><comment>b.1.1.1</comment></node><node><name>60983</name><comment>b.1.1.1</comment></node><node><name>60987</name><comment>b.1.1.1</comment></node><node><name>76159</name><comment>b.1.1.1</comment></node><node><name>20442</name><comment>b.1.1.1</comment></node><node><name>20444</name><comment>b.1.1.1</comment></node><node><name>20446</name><comment>b.1.1.1</comment></node><node><name>20603</name><comment>b.1.1.1</comment></node><node><name>20604</name><comment>b.1.1.1</comment></node><node><name>20522</name><comment>b.1.1.1</comment></node><node><name>98156</name><comment>b.1.1.1</comment></node><node><name>98160</name><comment>b.1.1.1</comment></node><node><name>98135</name><comment>b.1.1.1</comment></node><node><name>98166</name><comment>b.1.1.1</comment></node><node><name>98170</name><comment>b.1.1.1</comment></node><node><name>98174</name><comment>b.1.1.1</comment></node><node><name>98178</name><comment>b.1.1.1</comment></node><node><name>98182</name><comment>b.1.1.1</comment></node><node><name>98186</name><comment>b.1.1.1</comment></node><node><name>98190</name><comment>b.1.1.1</comment></node><node><name>98194</name><comment>b.1.1.1</comment></node></children></node><node><name>88521</name><comment>b.1.1.1</comment></node><node><name>88522</name><comment>b.1.1.1</comment></node><node><name>88523</name><comment>b.1.1.1</comment></node><node><name>88524</name><comment>b.1.1.1</comment></node><node><name>88525</name><comment>b.1.1.1</comment></node><node><name>88526</name><comment>b.1.1.1</comment></node><node><name>88527</name><comment>b.1.1.1</comment></node><node><name>88528</name><comment>b.1.1.1</comment></node><node><name>88529</name><comment>b.1.1.1</comment></node><node><name>88530</name><comment>b.1.1.1</comment></node><node><name>88531</name><comment>b.1.1.1</comment></node><node><name>88532</name><comment>b.1.1.1</comment></node><node><name>88533</name><comment>b.1.1.1</comment></node></children></node><node><name>88534</name><comment>b.1.1.1</comment></node><node><name>88543</name><comment>b.1.1.1</comment></node><node><name>88563</name><comment>b.1.1.1</comment></node><node><name>48933</name><comment>b.1.1.1</comment></node><node><name>48939</name><comment>b.1.1.1</comment></node><node><name>48728</name><comment>b.1.1.1</comment></node><node><name>89174</name><comment>b.1.1.1</comment></node><node><name>48730</name><comment>b.1.1.1</comment></node><node><name>48732</name><comment>b.1.1.1</comment></node><node><name>89176</name><comment>b.1.1.1</comment></node><node><name>89178</name><comment>b.1.1.1</comment></node><node><name>101506</name><comment>b.1.1.1</comment></node><node><name>48734</name><comment>b.1.1.1</comment></node><node><name>48737</name><comment>b.1.1.1</comment></node><node><name>48740</name><comment>b.1.1.1</comment></node><node><name>48743</name><comment>b.1.1.1</comment></node><node><name>48745</name><comment>b.1.1.1</comment></node><node><name>63635</name><comment>b.1.1.1</comment></node><node><name>48747</name><comment>b.1.1.1</comment></node><node><name>81942</name><comment>b.1.1.1</comment></node><node><name>101508</name><comment>b.1.1.1</comment></node><node><name>101510</name><comment>b.1.1.1</comment></node><node><name>63637</name><comment>b.1.1.1</comment></node></children></node><node><name>48942</name><comment>b.1.1.2</comment></node><node><name>49142</name><comment>b.1.1.3</comment></node><node><name>49159</name><comment>b.1.1.4</comment></node></children></node><node><name>81296</name><comment>b.1.18</comment></node><node><name>49265</name><comment>b.1.2</comment></node><node><name>49299</name><comment>b.1.3</comment></node><node><name>49303</name><comment>b.1.4</comment></node><node><name>49309</name><comment>b.1.5</comment></node><node><name>49313</name><comment>b.1.6</comment></node><node><name>49319</name><comment>b.1.7</comment></node><node><name>49329</name><comment>b.1.8</comment></node><node><name>49344</name><comment>b.1.9</comment></node><node><name>74853</name><comment>b.1.16</comment></node><node><name>49348</name><comment>b.1.10</comment></node><node><name>69179</name><comment>b.1.15</comment></node><node><name>49354</name><comment>b.1.11</comment></node><node><name>49363</name><comment>b.1.12</comment></node><node><name>101542</name><comment>b.1.21</comment></node><node><name>49367</name><comment>b.1.13</comment></node><node><name>74863</name><comment>b.1.17</comment></node><node><name>49373</name><comment>b.1.14</comment></node><node><name>81982</name><comment>b.1.19</comment></node><node><name>81986</name><comment>b.1.20</comment></node><node><name>101546</name><comment>b.1.22</comment></node></children></node><node><name>49379</name><comment>b.2</comment></node><node><name>49451</name><comment>b.3</comment></node><node><name>49492</name></node><node><name>69188</name></node><node><name>49497</name></node><node><name>81278</name></node><node><name>49502</name></node><node><name>49561</name></node><node><name>49598</name></node><node><name>49605</name></node><node><name>82003</name></node><node><name>88632</name></node><node><name>49694</name></node><node><name>49722</name></node><node><name>49757</name></node><node><name>101575</name></node><node><name>89231</name></node><node><name>63696</name></node><node><name>49763</name></node><node><name>100919</name></node><node><name>49771</name></node><node><name>49776</name></node><node><name>63706</name></node><node><name>63711</name></node><node><name>49784</name></node><node><name>49817</name></node><node><name>82025</name></node><node><name>101595</name></node><node><name>101600</name></node><node><name>101605</name></node><node><name>49829</name></node><node><name>49834</name></node><node><name>49841</name></node><node><name>49853</name></node><node><name>49862</name></node><node><name>63723</name></node><node><name>49869</name></node><node><name>49878</name></node><node><name>49888</name></node><node><name>49893</name></node><node><name>49898</name></node><node><name>49993</name></node><node><name>63736</name></node><node><name>50011</name></node><node><name>82045</name></node><node><name>50016</name></node><node><name>50021</name></node><node><name>82050</name></node><node><name>50036</name></node><node><name>50128</name></node><node><name>50155</name></node><node><name>50175</name></node><node><name>50181</name></node><node><name>101737</name></node><node><name>101743</name></node><node><name>101750</name></node><node><name>50192</name></node><node><name>50198</name></node><node><name>50345</name></node><node><name>50352</name></node><node><name>50412</name></node><node><name>50464</name></node><node><name>50474</name></node><node><name>69278</name></node><node><name>101800</name></node><node><name>50485</name></node><node><name>50493</name></node><node><name>101815</name></node><node><name>50609</name></node><node><name>50614</name></node><node><name>74981</name></node><node><name>50629</name></node><node><name>50676</name></node><node><name>69286</name></node><node><name>50684</name></node><node><name>50714</name></node><node><name>50722</name></node><node><name>50728</name></node><node><name>50783</name></node><node><name>50788</name></node><node><name>50799</name></node><node><name>50808</name></node><node><name>89359</name></node><node><name>101851</name></node><node><name>100938</name></node><node><name>82152</name></node><node><name>50813</name></node><node><name>50875</name></node><node><name>50890</name></node><node><name>50903</name></node><node><name>63816</name></node><node><name>50910</name></node><node><name>50915</name></node><node><name>50922</name></node><node><name>50933</name></node><node><name>50938</name></node><node><name>50964</name></node><node><name>50997</name></node><node><name>51010</name></node><node><name>51044</name></node><node><name>51063</name></node><node><name>63839</name></node><node><name>101935</name></node><node><name>101940</name></node><node><name>51068</name></node><node><name>89391</name></node><node><name>51080</name></node><node><name>51086</name></node><node><name>51091</name></node><node><name>51109</name></node><node><name>51125</name></node><node><name>51160</name></node><node><name>51181</name></node><node><name>69348</name></node><node><name>51224</name></node><node><name>101998</name></node><node><name>69359</name></node><node><name>51229</name></node><node><name>51268</name></node><node><name>82214</name></node><node><name>89427</name></node><node><name>89432</name></node><node><name>51293</name></node><node><name>51305</name></node><node><name>69368</name></node><node><name>51315</name></node><node><name>51321</name></node><node><name>82219</name></node><node><name>63876</name></node><node><name>51326</name></node><node><name>51331</name></node><node><name>63881</name></node><node><name>51337</name></node><node><name>51343</name></node><node><name>81625</name></node><node><name>89441</name></node><node><name>89446</name></node><node><name>88696</name></node><node><name>102030</name></node><node><name>63886</name></node></children></node><node><name>51349</name></node><node><name>53931</name></node><node><name>56572</name></node><node><name>56835</name></node><node><name>56992</name></node><node><name>57942</name></node><node><name>58117</name></node><node><name>58231</name></node><node><name>58788</name></node></children></node></tree></type>
