<?xml version="1.0" encoding="UTF-8"?><type><typename>Nickname</typename><subTypeOf>AVH</subTypeOf><ordername>ISA</ordername><tree><node><name>Nickname_AVH</name><children><node><name>Gaia</name><children><node><name>UncleSam</name><children><node><name>Hawkeye</name><children><node><name>MidHawkeye</name><children><node><name>Cyclone</name></node><node><name>Capitol</name></node></children></node></children></node><node><name>ForLovers</name><children><node><name>Colts</name></node><node><name>LastSouthernCity</name></node></children></node></children></node><node><name>JohnBull</name></node></children></node></children></node></tree></type>
