<?xml version ="1.0" encoding="ISO-8859-1"?><schema><name>DS2</name><attribute><attrname>item</attrname><attrtype>string</attrtype><dbtype>varchar(128)</dbtype></attribute><attribute><attrname>madeIn</attrname><attrtype>Nickname</attrtype><dbtype>varchar(128)</dbtype></attribute><attribute><attrname>temperature</attrname><attrtype>float</attrtype><dbtype>varchar(128)</dbtype></attribute><attribute><attrname>note</attrname><attrtype>string</attrtype><dbtype>text</dbtype></attribute><attribute><attrname>deliveredTo</attrname><attrtype>Nickname</attrtype><dbtype>varchar(128)</dbtype></attribute></schema>
