<?xml version ="1.0" encoding="ISO-8859-1"?><schema><name>local</name><attribute><attrname>protein</attrname><attrtype>string</attrtype><dbtype>varchar(4000)</dbtype></attribute><attribute><attrname>structural_class</attrname><attrtype>MyScop</attrtype><dbtype>varchar(128)</dbtype></attribute><attribute><attrname>source</attrname><attrtype>Species_string</attrtype><dbtype>varchar(128)</dbtype></attribute><attribute><attrname>pid</attrname><attrtype>Swissprot_ID</attrtype><dbtype>varchar(128)</dbtype></attribute><attribute><attrname>go_annotation</attrname><attrtype>GO_hierarchy</attrtype><dbtype>varchar(128)</dbtype></attribute></schema>
