<?xml version ="1.0" encoding="ISO-8859-1"?><schema><name>NIH_DS_2</name><attribute><attrname>accession_number</attrname><attrtype>MIPS_ID</attrtype><dbtype>varchar(128)</dbtype></attribute><attribute><attrname>aa_sequence</attrname><attrtype>AA_string</attrtype><dbtype>varchar(4000)</dbtype></attribute><attribute><attrname>gene</attrname><attrtype>Gene_ID</attrtype><dbtype>varchar(128)</dbtype></attribute><attribute><attrname>mips_function</attrname><attrtype>MIPS_hierarchy</attrtype><dbtype>varchar(128)</dbtype></attribute><attribute><attrname>pfam_motifs</attrname><attrtype>Motifs</attrtype><dbtype>varchar(128)</dbtype></attribute><attribute><attrname>sequence_length</attrname><attrtype>Positive_Integer</attrtype><dbtype>integer</dbtype></attribute></schema>
