<?xml version ="1.0" encoding="ISO-8859-1"?><schema><name>NIH_DS_1</name><attribute><attrname>ec_number</attrname><attrtype>EC_hierarchy</attrtype><dbtype>varchar(128)</dbtype></attribute><attribute><attrname>protein_name</attrname><attrtype>string</attrtype><dbtype>varchar(128)</dbtype></attribute><attribute><attrname>protein_id</attrname><attrtype>string</attrtype><dbtype>varchar(128)</dbtype></attribute><attribute><attrname>protein_sequence</attrname><attrtype>AA_string</attrtype><dbtype>varchar(4000)</dbtype></attribute><attribute><attrname>prosite_motifs</attrname><attrtype>Motifs</attrtype><dbtype>varchar(128)</dbtype></attribute></schema>
